Crime_Rate,Residential_Land,Industrial_Land,River_Dummy,Air_Pollution,Average_Rooms,Older Units,Distance_To_Employment,Acess_To_Highway,TAX,Black Population,Low_State_Population,Median Home Value
1%,1800%,231%,0%,54%,6.58,65,4.09,1,? 296.00,39690%,498%,? 24.00
3%,0%,707%,0%,47%,6.42,79,4.9671,2,? 242.00,39690%,914%,? 21.60
3%,0%,707%,0%,47%,7.19,61,4.9671,2,? 242.00,39283%,403%,? 34.70
3%,0%,218%,0%,46%,7.00,46,6.0622,3,? 222.00,39463%,294%,? 33.40
7%,0%,218%,0%,46%,7.15,54,6.0622,3,? 222.00,39690%,NA,? 36.20
3%,0%,218%,0%,46%,6.43,59,6.0622,3,? 222.00,39412%,521%,? 28.70
9%,1250%,787%,NA,52%,6.01,67,5.5605,5,? 311.00,39560%,1243%,? 22.90
14%,1250%,787%,0%,52%,6.17,96,5.9505,5,? 311.00,39690%,1915%,? 27.10
21%,1250%,787%,0%,52%,5.63,100,6.0821,5,? 311.00,38663%,2993%,? 16.50
17%,1250%,787%,NA,52%,6.00,86,6.5921,5,? 311.00,38671%,1710%,? 18.90
22%,1250%,787%,0%,52%,6.38,94,6.3467,5,? 311.00,39252%,2045%,? 15.00
12%,1250%,787%,0%,52%,6.01,83,6.2267,5,? 311.00,39690%,1327%,? 18.90
9%,1250%,787%,0%,52%,5.89,39,5.4509,5,? 311.00,39050%,1571%,? 21.70
63%,0%,814%,0%,54%,5.95,62,4.7075,4,? 307.00,39690%,826%,? 20.40
64%,0%,814%,NA,54%,6.10,85,4.4619,4,? 307.00,38002%,1026%,? 18.20
63%,0%,814%,0%,54%,5.83,57,4.4986,4,? 307.00,39562%,847%,? 19.90
105%,0%,814%,0%,54%,5.94,29,4.4986,4,? 307.00,38685%,658%,? 23.10
78%,0%,814%,0%,54%,5.99,82,4.2579,4,? 307.00,38675%,1467%,? 17.50
80%,0%,814%,0%,54%,5.46,37,3.7965,4,? 307.00,28899%,1169%,? 20.20
73%,0%,814%,0%,54%,5.73,70,3.7965,4,? 307.00,39095%,1128%,? 18.20
125%,0%,814%,0%,54%,5.57,98,3.7979,4,? 307.00,37657%,2102%,? 13.60
85%,0%,814%,0%,54%,5.97,89,4.0123,4,? 307.00,39253%,1383%,? 19.60
123%,0%,814%,0%,54%,6.14,92,3.9769,4,? 307.00,39690%,1872%,? 15.20
99%,0%,814%,0%,54%,5.81,100,4.0952,4,? 307.00,39454%,1988%,? 14.50
75%,0%,814%,0%,54%,5.92,94,4.3996,4,? 307.00,39433%,1630%,? 15.60
84%,0%,814%,0%,54%,5.60,86,4.4546,4,? 307.00,30342%,1651%,? 13.90
67%,0%,814%,0%,54%,5.81,90,4.682,4,? 307.00,37688%,1481%,? 16.60
96%,0%,814%,0%,54%,6.05,89,4.4534,4,? 307.00,30638%,1728%,? 14.80
77%,0%,814%,0%,54%,6.50,94,4.4547,4,? 307.00,38794%,1280%,? 18.40
100%,0%,814%,0%,54%,6.67,87,4.239,4,? 307.00,38023%,1198%,? 21.00
113%,0%,814%,0%,54%,5.71,94,4.233,4,? 307.00,36017%,2260%,? 12.70
135%,0%,814%,0%,54%,6.07,100,4.175,4,? 307.00,37673%,1304%,? 14.50
139%,0%,814%,0%,54%,5.95,82,3.99,4,? 307.00,23260%,2771%,? 13.20
115%,0%,814%,0%,54%,5.70,95,3.7872,4,? 307.00,35877%,1835%,? 13.10
161%,0%,814%,0%,54%,6.10,97,3.7598,4,? 307.00,24831%,2034%,? 13.50
6%,0%,596%,0%,50%,5.93,68,3.3603,5,? 279.00,39690%,NA,? 18.90
10%,0%,NA,0%,50%,5.84,61,3.3779,5,? 279.00,37756%,1141%,? 20.00
8%,0%,596%,0%,50%,5.85,42,3.9342,5,? 279.00,39690%,877%,? 21.00
18%,0%,596%,0%,50%,5.97,30,3.8473,5,? 279.00,39343%,1013%,? 24.70
3%,7500%,295%,0%,43%,6.60,22,5.4011,3,? 252.00,39563%,432%,? 30.80
3%,7500%,295%,0%,43%,7.02,16,5.4011,3,? 252.00,39562%,198%,? 34.90
13%,0%,691%,0%,45%,6.77,3,5.7209,3,? 233.00,38541%,484%,? 26.60
14%,0%,691%,0%,45%,6.17,7,5.7209,3,? 233.00,38337%,581%,? 25.30
16%,0%,691%,NA,45%,6.21,7,5.7209,3,? 233.00,39446%,744%,? 24.70
12%,0%,691%,0%,45%,6.07,40,5.7209,3,? 233.00,38939%,955%,? 21.20
17%,0%,691%,0%,45%,5.68,34,5.1004,3,? 233.00,39690%,1021%,? 19.30
19%,0%,691%,0%,45%,5.79,33,5.1004,3,? 233.00,39690%,1415%,? 20.00
23%,0%,NA,0%,45%,6.03,86,5.6894,3,? 233.00,39274%,1880%,? 16.60
25%,0%,691%,0%,45%,5.40,95,5.87,3,? 233.00,39690%,3081%,? 14.40
22%,0%,691%,0%,45%,5.60,62,6.0877,3,? 233.00,39690%,1620%,? 19.40
9%,2100%,564%,0%,44%,5.96,46,6.8147,4,? 243.00,39556%,1345%,? 19.70
4%,2100%,NA,0%,44%,6.12,63,6.8147,4,? 243.00,39397%,943%,? 20.50
5%,2100%,564%,0%,44%,6.51,21,6.8147,4,? 243.00,39690%,528%,? 25.00
NA,2100%,564%,0%,44%,6.00,21,6.8147,4,? 243.00,39690%,843%,? 23.40
1%,7500%,400%,0%,41%,5.89,48,7.3197,3,? 469.00,39690%,1480%,? 18.90
1%,9000%,122%,0%,40%,7.25,22,8.6966,5,? 226.00,39593%,481%,? 35.40
2%,8500%,74%,0%,41%,6.38,36,9.1876,2,? 313.00,39690%,577%,? 24.70
1%,10000%,132%,0%,41%,6.82,41,8.3248,5,? 256.00,39290%,395%,? 31.60
15%,2500%,513%,0%,45%,6.15,29,7.8148,8,? 284.00,39068%,686%,? 23.30
10%,2500%,513%,0%,45%,5.93,47,6.932,8,? 284.00,39690%,922%,? 19.60
15%,2500%,513%,0%,45%,5.74,66,7.2254,8,? 284.00,39511%,1315%,? 18.70
17%,2500%,513%,0%,45%,5.97,93,6.8185,8,? 284.00,37808%,1444%,? 16.00
11%,2500%,513%,0%,45%,6.46,68,7.2255,8,? 284.00,39690%,673%,? 22.20
13%,2500%,513%,0%,45%,6.76,43,7.9809,8,? 284.00,39558%,950%,? 25.00
2%,1750%,138%,0%,42%,7.10,60,9.2229,3,? 216.00,39324%,805%,? 33.00
4%,8000%,337%,0%,40%,6.29,18,6.6115,4,? 337.00,39690%,467%,? 23.50
4%,8000%,337%,0%,40%,5.79,31,6.6115,4,? 337.00,39690%,1024%,? 19.40
6%,1250%,607%,0%,41%,5.88,21,6.498,4,? 345.00,39621%,810%,? 22.00
14%,1250%,607%,0%,41%,5.59,37,6.498,4,? 345.00,39690%,1309%,? 17.40
13%,1250%,607%,0%,41%,5.89,33,6.498,4,? 345.00,39690%,879%,? 20.90
9%,0%,1081%,0%,41%,6.42,7,5.2873,4,? 305.00,38373%,672%,? 24.20
16%,0%,1081%,0%,41%,5.96,18,5.2873,4,? 305.00,37694%,988%,? 21.70
9%,0%,1081%,0%,41%,6.07,8,5.2873,4,? 305.00,39091%,552%,? 22.80
20%,0%,1081%,0%,41%,6.25,6,5.2873,4,? 305.00,37717%,NA,? 23.40
8%,0%,1283%,0%,44%,6.27,NA,4.2515,5,? 398.00,39492%,678%,? 24.10
10%,0%,1283%,0%,44%,6.29,45,4.5026,5,? 398.00,38323%,894%,? 21.40
10%,0%,1283%,0%,44%,6.28,75,4.0522,5,? 398.00,37366%,1197%,? 20.00
9%,0%,1283%,0%,44%,6.14,46,4.0905,5,? 398.00,38696%,1027%,? 20.80
6%,0%,1283%,0%,44%,6.23,54,5.0141,5,? 398.00,38640%,1234%,? 21.20
8%,0%,1283%,0%,44%,5.87,37,4.5026,5,? 398.00,39606%,NA,? 20.30
4%,2500%,486%,0%,43%,6.73,34,5.4007,4,? 281.00,39690%,529%,? 28.00
4%,2500%,486%,0%,43%,6.62,70,5.4007,4,? 281.00,39563%,722%,? 23.90
4%,2500%,486%,0%,43%,6.30,32,5.4007,4,? 281.00,39690%,672%,? 24.80
4%,2500%,486%,0%,43%,6.17,47,5.4007,4,? 281.00,39064%,751%,? 22.90
5%,0%,449%,0%,45%,6.39,48,4.7794,3,? 247.00,39690%,962%,? 23.90
6%,0%,449%,0%,45%,6.63,56,4.4377,3,? 247.00,39230%,653%,? 26.60
5%,0%,449%,0%,45%,6.02,45,4.4272,3,? 247.00,39599%,1286%,? 22.50
7%,0%,449%,0%,45%,6.12,57,3.7476,3,? 247.00,39515%,NA,? 22.20
6%,0%,341%,0%,49%,7.01,86,3.4217,2,? 270.00,39690%,550%,? 23.60
5%,0%,341%,0%,49%,7.08,63,3.4145,2,? 270.00,39606%,570%,? 28.70
5%,0%,341%,0%,49%,6.42,66,3.0923,2,? 270.00,39218%,881%,? 22.60
4%,0%,341%,0%,49%,6.41,74,3.0921,2,? 270.00,39355%,820%,? 22.00
4%,NA,1504%,0%,46%,6.44,54,3.6659,4,? 270.00,39501%,816%,? 22.90
3%,2800%,1504%,0%,46%,6.21,29,3.6659,4,? 270.00,39633%,621%,? 25.00
4%,2800%,1504%,0%,46%,6.25,77,3.615,4,? 270.00,39690%,1059%,? 20.60
12%,0%,289%,0%,45%,6.63,58,3.4952,2,? 276.00,35798%,665%,? 28.40
12%,0%,289%,0%,45%,6.16,70,3.4952,2,? 276.00,39183%,1134%,? 21.40
12%,0%,289%,0%,45%,8.07,76,3.4952,2,? 276.00,39690%,421%,? 38.70
8%,0%,289%,0%,45%,7.82,37,3.4952,2,? 276.00,39353%,357%,? 43.80
7%,0%,289%,0%,45%,7.42,63,3.4952,2,? 276.00,39690%,619%,? 33.20
15%,0%,856%,0%,52%,6.73,80,2.7778,5,? 384.00,39476%,942%,? 27.50
11%,0%,856%,0%,52%,6.78,71,2.8561,5,? 384.00,39558%,767%,? 26.50
23%,0%,856%,0%,52%,6.41,85,2.7147,5,? 384.00,7080%,1063%,? 18.60
21%,0%,856%,0%,52%,6.14,NA,2.7147,5,? 384.00,39447%,1344%,? 19.30
14%,0%,856%,0%,52%,6.17,90,2.421,5,? 384.00,39269%,1233%,? 20.10
13%,0%,856%,0%,52%,5.85,97,2.1069,5,? 384.00,39405%,1647%,? 19.50
17%,0%,856%,0%,52%,5.84,92,2.211,5,? 384.00,39567%,1866%,? 19.50
13%,0%,856%,0%,52%,6.13,85,2.1224,5,? 384.00,38769%,1409%,? 20.40
13%,0%,856%,0%,52%,6.47,97,2.4329,5,? 384.00,39524%,1227%,? 19.80
26%,0%,856%,0%,52%,6.23,91,2.5451,5,? 384.00,39123%,1555%,? 19.40
11%,0%,856%,0%,52%,6.20,54,2.7778,5,? 384.00,39349%,1300%,? 21.70
10%,0%,1001%,0%,55%,6.72,82,2.6775,6,? 432.00,39559%,1016%,? 22.80
12%,0%,1001%,0%,55%,5.91,93,2.3534,6,? 432.00,39495%,1621%,? 18.80
22%,0%,1001%,0%,55%,6.09,95,2.548,6,? 432.00,39690%,1709%,? 18.70
14%,0%,1001%,0%,55%,6.25,84,2.2565,6,? 432.00,38874%,1045%,? 18.50
NA,0%,1001%,0%,55%,5.93,88,2.4631,6,? 432.00,34491%,1576%,? 18.30
13%,0%,1001%,0%,55%,6.18,73,2.7301,6,? 432.00,39330%,NA,? 21.20
15%,0%,1001%,0%,55%,6.02,83,2.7474,6,? 432.00,39451%,1030%,? 19.20
13%,NA,1001%,0%,55%,5.87,73,2.4775,6,? 432.00,33863%,1537%,? 20.40
14%,0%,1001%,NA,55%,5.73,65,2.7592,6,? 432.00,39150%,1361%,? 19.30
7%,0%,2565%,0%,58%,5.87,70,2.2577,2,? 188.00,38915%,1437%,? 22.00
7%,0%,2565%,0%,58%,6.00,84,2.1974,2,? 188.00,37767%,1427%,? 20.30
9%,0%,2565%,0%,58%,5.96,93,2.0869,2,? 188.00,37809%,1793%,? 20.50
15%,0%,NA,0%,58%,5.86,97,1.9444,2,? 188.00,37031%,2541%,? 17.30
10%,0%,2565%,0%,58%,5.88,96,2.0063,2,? 188.00,37938%,1758%,? 18.80
17%,0%,2565%,0%,58%,5.99,88,1.9929,2,? 188.00,38502%,1481%,? 21.40
39%,0%,2565%,0%,58%,5.61,NA,1.7572,2,? 188.00,35929%,2726%,? 15.70
26%,0%,2189%,0%,62%,5.69,96,1.7883,4,? 437.00,39211%,1719%,? 16.20
33%,0%,2189%,0%,62%,6.43,99,1.8125,4,? 437.00,39690%,1539%,? 18.00
88%,0%,2189%,0%,62%,5.64,95,1.9799,4,? 437.00,39690%,1834%,? 14.30
34%,0%,2189%,0%,62%,6.46,99,2.1185,4,? 437.00,39504%,1260%,? 19.20
119%,0%,2189%,0%,62%,6.33,98,2.271,4,? 437.00,39690%,1226%,? 19.60
59%,0%,2189%,0%,62%,6.37,98,2.3274,4,? 437.00,38576%,1112%,? 23.00
33%,NA,NA,0%,62%,5.82,95,2.4699,4,? 437.00,38869%,1503%,? 18.40
98%,0%,2189%,0%,62%,5.76,98,2.346,4,? 437.00,26276%,1731%,? 15.60
56%,0%,2189%,0%,62%,6.34,98,2.1107,4,? 437.00,39467%,1696%,? 18.10
32%,0%,2189%,0%,62%,5.94,94,1.9669,4,? 437.00,37825%,1690%,? 17.40
35%,0%,2189%,0%,62%,6.45,98,1.8498,4,? 437.00,39408%,1459%,? 17.10
25%,0%,2189%,0%,62%,5.86,NA,1.6686,4,? 437.00,39204%,2132%,? 13.30
54%,0%,2189%,0%,62%,6.15,98,1.6687,4,? 437.00,39690%,1846%,? 17.80
29%,0%,2189%,0%,62%,6.17,94,1.6119,4,? 437.00,38808%,2416%,? 14.00
163%,0%,2189%,0%,62%,5.02,100,1.4394,4,? 437.00,39690%,3441%,? 14.40
332%,0%,1958%,100%,87%,5.40,100,1.3216,5,? 403.00,39690%,2682%,? 13.40
410%,0%,1958%,0%,87%,5.47,100,1.4118,5,? 403.00,39690%,2642%,? 15.60
278%,0%,1958%,0%,87%,4.90,98,1.3459,5,? 403.00,39690%,2929%,? 11.80
238%,0%,1958%,0%,87%,6.13,100,1.4191,5,? 403.00,17291%,2780%,? 13.80
216%,NA,1958%,0%,87%,5.63,100,1.5166,5,? 403.00,16927%,1665%,? 15.60
237%,0%,NA,0%,87%,4.93,96,1.4608,5,? 403.00,39171%,2953%,? 14.60
233%,0%,NA,0%,87%,5.19,94,1.5296,5,? 403.00,35699%,2832%,? 17.80
273%,0%,1958%,0%,87%,5.60,95,1.5257,5,? 403.00,35185%,2145%,? 15.40
166%,0%,1958%,0%,87%,6.12,NA,1.618,5,? 403.00,37280%,1410%,? 21.50
150%,0%,1958%,0%,87%,5.40,100,1.5916,5,? 403.00,34160%,1328%,? 19.60
113%,0%,1958%,NA,87%,5.01,88,1.6102,5,? 403.00,34328%,1212%,? 15.30
215%,0%,1958%,0%,87%,5.71,99,1.6232,5,? 403.00,26195%,1579%,? 19.40
141%,0%,1958%,100%,87%,6.13,96,1.7494,5,? 403.00,32102%,1512%,? 17.00
354%,0%,1958%,100%,87%,6.15,NA,1.7455,5,? 403.00,8801%,1502%,? 15.60
245%,0%,1958%,0%,87%,5.27,94,1.7364,5,? 403.00,8863%,1614%,? 13.10
122%,NA,1958%,0%,61%,6.94,97,1.8773,5,? 403.00,36343%,459%,? 41.30
134%,0%,1958%,0%,61%,6.07,100,1.7573,5,? 403.00,35389%,643%,? 24.30
143%,0%,1958%,0%,87%,6.51,100,1.7659,5,? 403.00,36431%,739%,? 23.30
127%,0%,1958%,100%,61%,6.25,93,1.7984,5,? 403.00,33892%,550%,? 27.00
146%,0%,1958%,0%,61%,7.49,91,1.9709,5,? 403.00,37443%,173%,? 50.00
183%,0%,1958%,100%,61%,7.80,98,2.0407,5,? 403.00,38961%,192%,? 50.00
152%,0%,1958%,100%,61%,8.38,NA,2.162,5,? 403.00,38845%,332%,? 50.00
224%,0%,1958%,0%,61%,5.85,92,2.422,5,? 403.00,39511%,1164%,? 22.70
292%,0%,1958%,0%,61%,6.10,93,2.2834,5,? 403.00,24016%,981%,? 25.00
201%,0%,1958%,0%,61%,7.93,96,2.0459,5,? 403.00,36930%,370%,? 50.00
180%,NA,1958%,0%,61%,5.88,79,2.4259,5,? 403.00,22761%,1214%,? 23.80
230%,0%,1958%,0%,61%,6.32,96,2.1,5,? 403.00,29709%,1110%,? 23.80
245%,0%,1958%,0%,61%,6.40,95,2.2625,5,? 403.00,33004%,1132%,? 22.30
121%,0%,1958%,0%,61%,5.88,95,2.4259,5,? 403.00,29229%,1443%,? 17.40
231%,0%,1958%,0%,61%,5.88,97,2.3887,5,? 403.00,34813%,1203%,? 19.10
14%,0%,405%,0%,51%,5.57,89,2.5961,5,? 296.00,39690%,1469%,? 23.10
9%,0%,NA,0%,51%,6.42,NA,2.6463,5,? 296.00,39550%,904%,? 23.60
8%,0%,405%,0%,51%,5.86,69,2.7019,5,? 296.00,39323%,964%,? 22.60
7%,0%,405%,0%,51%,6.55,33,3.1323,5,? 296.00,39096%,533%,? 29.40
7%,0%,405%,0%,51%,6.02,47,3.5549,5,? 296.00,39323%,1011%,? 23.20
5%,0%,NA,0%,51%,6.32,73,3.3175,5,? 296.00,39560%,629%,? 24.60
7%,0%,405%,0%,51%,6.86,74,2.9153,5,? 296.00,39127%,692%,? 29.90
6%,0%,246%,0%,49%,6.98,58,2.829,3,? 193.00,39690%,504%,? 37.20
7%,0%,246%,0%,49%,7.77,83,2.741,3,? 193.00,39556%,756%,? 39.80
7%,0%,246%,0%,49%,6.14,62,2.5979,3,? 193.00,39690%,945%,? 36.20
9%,0%,246%,0%,49%,7.16,92,2.7006,3,? 193.00,39412%,482%,? 37.90
NA,0%,246%,0%,49%,6.56,96,2.847,3,? 193.00,39690%,568%,? 32.50
8%,0%,246%,0%,49%,5.60,90,2.9879,3,? 193.00,39100%,1398%,? 26.40
6%,0%,246%,0%,49%,6.15,69,3.2797,3,? 193.00,38711%,1315%,? 29.60
6%,NA,246%,0%,49%,7.83,54,3.1992,3,? 193.00,39263%,445%,? 50.00
8%,4500%,344%,0%,44%,6.78,41,3.7886,5,? 398.00,39387%,668%,? 32.00
13%,4500%,344%,0%,44%,6.56,29,4.5667,5,? 398.00,38284%,456%,? 29.80
8%,4500%,344%,0%,44%,7.19,39,4.5667,5,? 398.00,39690%,539%,? 34.90
9%,4500%,344%,0%,44%,6.95,22,6.4798,5,? 398.00,37768%,510%,? 37.00
NA,4500%,344%,0%,44%,6.74,31,6.4798,5,? 398.00,38971%,469%,? 30.50
NA,4500%,344%,0%,44%,7.18,26,6.4798,5,? 398.00,39049%,287%,? 36.40
2%,6000%,293%,0%,40%,6.80,NA,6.2196,1,? 265.00,39337%,503%,? 31.10
1%,6000%,293%,0%,40%,6.60,19,6.2196,1,? 265.00,37670%,438%,? 29.10
1%,8000%,46%,0%,42%,7.88,32,5.6484,4,? 255.00,39423%,297%,? 50.00
NA,8000%,152%,0%,40%,7.29,34,7.309,2,? 329.00,39690%,408%,? 33.30
5%,8000%,152%,0%,40%,7.11,37,7.309,2,? 329.00,35431%,861%,? 30.30
4%,8000%,152%,0%,40%,7.27,38,7.309,2,? 329.00,39220%,662%,? 34.60
3%,9500%,147%,0%,40%,6.98,15,7.6534,3,? 402.00,39690%,456%,? 34.90
2%,9500%,147%,0%,40%,7.14,14,7.6534,3,? 402.00,38430%,445%,? 32.90
3%,8250%,203%,0%,42%,6.16,38,6.27,2,? 348.00,39377%,743%,? 24.10
2%,8250%,203%,0%,42%,7.61,16,6.27,2,? 348.00,39538%,311%,? 42.30
4%,9500%,268%,0%,42%,7.85,33,5.118,4,? 224.00,39278%,381%,? 48.50
2%,9500%,268%,0%,42%,8.03,32,5.118,4,? 224.00,39055%,288%,? 50.00
14%,NA,1059%,0%,49%,5.89,22,3.9454,4,? 277.00,39690%,1087%,? 22.60
23%,0%,1059%,NA,49%,6.33,53,4.3549,4,? 277.00,39487%,1097%,? 24.40
25%,0%,1059%,0%,49%,5.78,73,4.3549,4,? 277.00,38943%,NA,? 22.50
14%,0%,1059%,100%,49%,6.06,59,4.2392,4,? 277.00,38132%,1466%,? 24.40
44%,0%,1059%,100%,49%,5.34,100,3.875,4,? 277.00,39690%,2309%,? 20.00
17%,NA,1059%,100%,49%,5.96,92,3.8771,4,? 277.00,39325%,1727%,? 21.70
38%,0%,1059%,100%,49%,5.40,89,3.665,4,? 277.00,39524%,2398%,? 19.30
22%,0%,1059%,100%,49%,5.81,54,3.6526,4,? 277.00,39094%,1603%,? 22.40
14%,0%,1059%,0%,49%,6.38,32,3.9454,4,? 277.00,38581%,938%,? 28.10
29%,0%,1059%,0%,49%,5.41,10,3.5875,4,? 277.00,34893%,2955%,? 23.70
20%,0%,1059%,0%,49%,6.18,NA,3.9454,4,? 277.00,39363%,947%,? 25.00
5%,0%,1389%,100%,55%,5.89,56,3.1121,5,? 276.00,39280%,1351%,? 23.30
7%,0%,1389%,0%,55%,6.64,85,3.4211,5,? 276.00,39278%,969%,? 28.70
11%,0%,1389%,100%,55%,5.95,94,2.8893,5,? 276.00,39690%,1792%,? 21.50
11%,0%,NA,100%,55%,6.37,92,3.3633,5,? 276.00,39374%,1050%,? 23.00
36%,0%,620%,100%,51%,6.95,89,2.8617,8,? 307.00,39170%,971%,? 26.70
41%,0%,620%,100%,51%,6.16,91,3.048,8,? 307.00,39524%,2146%,? 21.70
62%,0%,620%,100%,51%,6.88,78,3.2721,8,? 307.00,39039%,993%,? 27.50
61%,0%,620%,0%,51%,6.62,81,3.2721,8,? 307.00,39690%,760%,? 30.10
32%,0%,620%,0%,50%,8.27,78,2.8944,8,? 307.00,38505%,414%,? 44.80
53%,0%,620%,0%,50%,8.73,83,2.8944,8,? 307.00,38200%,463%,? 50.00
38%,0%,620%,0%,50%,8.04,87,3.2157,8,? 307.00,38738%,NA,? 37.60
41%,0%,620%,0%,50%,7.16,80,3.2157,8,? 307.00,37208%,636%,? 31.60
30%,0%,620%,0%,50%,7.69,17,3.3751,8,? 307.00,37751%,NA,? 46.70
NA,0%,620%,0%,50%,6.55,21,3.3751,8,? 307.00,38034%,376%,? 31.50
54%,0%,620%,0%,50%,5.98,68,3.6715,8,? 307.00,37835%,1165%,? 24.30
46%,0%,620%,0%,50%,7.41,77,3.6715,8,? 307.00,37614%,525%,? 31.70
58%,0%,620%,0%,51%,8.34,73,3.8384,8,? 307.00,38591%,247%,? 41.70
33%,0%,620%,0%,51%,8.25,NA,3.6519,8,? 307.00,37895%,395%,? 48.30
45%,0%,620%,100%,51%,6.73,67,3.6519,8,? 307.00,36020%,805%,? 29.00
33%,0%,620%,0%,51%,6.09,62,3.6519,8,? 307.00,37675%,1088%,? 24.00
NA,0%,620%,100%,51%,6.63,77,4.148,8,? 307.00,38845%,954%,? 25.10
51%,0%,620%,0%,51%,7.36,72,4.148,8,? 307.00,39007%,473%,? 31.50
8%,NA,493%,0%,43%,6.48,19,6.1899,6,? 300.00,37941%,636%,? 23.70
9%,3000%,493%,0%,43%,6.61,42,6.1899,6,? 300.00,38378%,737%,? 23.30
11%,3000%,493%,NA,43%,6.90,54,6.3361,6,? 300.00,39125%,1138%,? 22.00
NA,3000%,493%,0%,43%,6.10,65,6.3361,6,? 300.00,39462%,1240%,? 20.10
10%,3000%,493%,0%,43%,6.36,53,7.0355,6,? 300.00,37275%,1122%,? 22.20
13%,3000%,493%,0%,43%,6.39,8,7.0355,6,? 300.00,37471%,519%,? 23.70
21%,2200%,586%,0%,43%,5.59,77,7.9549,7,? 330.00,37249%,1250%,? 17.60
19%,2200%,NA,NA,43%,5.61,70,7.9549,7,? 330.00,38913%,1846%,? 18.50
34%,2200%,586%,0%,43%,6.11,35,8.0555,7,? 330.00,39018%,916%,? 24.30
20%,2200%,586%,0%,43%,6.23,79,8.0555,7,? 330.00,37614%,1015%,? 20.50
16%,2200%,586%,0%,43%,6.43,49,7.8265,7,? 330.00,37471%,952%,? 24.50
19%,2200%,586%,0%,43%,6.72,18,7.8265,7,? 330.00,39374%,656%,? 26.20
14%,2200%,586%,0%,43%,6.49,13,7.3967,7,? 330.00,39628%,590%,? 24.40
21%,2200%,586%,0%,43%,6.44,9,7.3967,7,? 330.00,37707%,359%,? 24.80
8%,2200%,586%,0%,43%,6.96,7,8.9067,7,? 330.00,38609%,353%,? 29.60
37%,2200%,586%,0%,43%,8.26,8,8.9067,7,? 330.00,39690%,354%,? 42.80
5%,8000%,364%,NA,39%,6.11,32,9.2203,1,? 315.00,39289%,657%,? 21.90
4%,8000%,364%,0%,39%,5.88,19,9.2203,1,? 315.00,39518%,925%,? 20.90
2%,9000%,375%,0%,39%,7.45,34,6.3361,3,? 244.00,38634%,311%,? 44.00
61%,2000%,397%,0%,65%,8.70,87,1.801,5,? 264.00,38970%,512%,? 50.00
66%,2000%,397%,0%,65%,7.33,100,1.8946,5,? 264.00,38329%,779%,? 36.00
66%,2000%,397%,0%,65%,6.84,100,2.0107,5,? 264.00,39193%,690%,? 30.10
54%,2000%,397%,0%,65%,7.20,82,2.1121,5,? 264.00,39280%,959%,? 33.80
53%,2000%,397%,0%,65%,7.52,89,2.1398,5,? 264.00,38837%,726%,? 43.10
NA,2000%,397%,0%,65%,8.40,92,2.2885,5,? 264.00,38686%,591%,? 48.80
83%,2000%,397%,0%,65%,7.33,95,2.0788,5,? 264.00,39342%,1125%,? 31.00
55%,2000%,397%,0%,65%,7.21,92,1.9301,5,? 264.00,38789%,810%,? 36.50
76%,2000%,397%,0%,65%,5.56,63,1.9865,5,? 264.00,39240%,1045%,? 22.80
79%,NA,397%,0%,65%,7.01,85,2.1329,5,? 264.00,38407%,1479%,? 30.70
58%,2000%,397%,0%,58%,8.30,67,2.4216,5,? 264.00,38454%,744%,? 50.00
54%,2000%,397%,0%,58%,7.47,53,2.872,5,? 264.00,39030%,316%,? 43.50
9%,2000%,696%,100%,46%,5.92,62,3.9175,3,? 223.00,39134%,1365%,? 20.70
30%,2000%,696%,0%,46%,5.86,42,4.429,3,? 223.00,38865%,1300%,? 21.10
16%,2000%,696%,0%,46%,6.24,16,4.429,3,? 223.00,39690%,NA,? 25.20
11%,2000%,696%,0%,46%,6.54,59,3.9175,3,? 223.00,39496%,773%,? 24.40
22%,2000%,696%,100%,46%,7.69,52,4.3665,3,? 223.00,39077%,658%,? 35.20
6%,4000%,641%,100%,45%,6.76,33,4.0776,4,? 254.00,39690%,353%,? 32.40
10%,4000%,641%,0%,45%,6.85,43,4.2673,4,? 254.00,39690%,298%,? 32.00
10%,4000%,641%,100%,45%,7.27,49,4.7872,4,? 254.00,38925%,605%,? 33.20
6%,4000%,641%,100%,45%,6.83,28,4.8628,4,? 254.00,39345%,NA,? 33.10
8%,4000%,641%,0%,45%,6.48,32,4.1403,4,? 254.00,39690%,719%,? 29.10
21%,2000%,333%,0%,44%,6.81,32,4.1007,5,? 216.00,39690%,485%,? 35.10
4%,2000%,333%,0%,44%,7.82,65,4.6947,5,? 216.00,38731%,376%,? 45.40
4%,2000%,333%,0%,44%,6.97,NA,5.2447,5,? 216.00,39223%,459%,? 35.40
6%,2000%,333%,100%,44%,7.65,50,5.2119,5,? 216.00,37707%,301%,? 46.00
2%,9000%,121%,100%,40%,7.92,25,5.885,1,? 198.00,39552%,316%,? 50.00
1%,9000%,297%,0%,40%,7.09,21,7.3073,1,? 285.00,39472%,785%,? 32.20
1%,5500%,225%,0%,39%,6.45,32,7.3073,1,? 300.00,39472%,823%,? 22.00
2%,8000%,176%,0%,39%,6.23,NA,9.0892,1,? 241.00,34160%,1293%,? 20.10
4%,5250%,532%,0%,41%,6.21,31,7.3172,6,? 293.00,39690%,714%,? 23.20
NA,5250%,532%,0%,41%,6.32,46,7.3172,6,? 293.00,39690%,760%,? 22.30
4%,5250%,532%,0%,41%,6.57,23,7.3172,6,? 293.00,37172%,951%,? 24.80
4%,8000%,495%,0%,41%,6.86,28,5.1167,4,? 245.00,39690%,333%,? 28.50
8%,8000%,495%,0%,41%,7.15,28,5.1167,4,? 245.00,39690%,356%,? 37.30
4%,8000%,NA,0%,41%,6.63,23,5.1167,4,? 245.00,39690%,470%,? 27.90
8%,0%,1392%,0%,44%,6.13,18,5.5027,4,? 289.00,39690%,858%,? 23.90
8%,0%,1392%,NA,44%,6.01,42,5.5027,4,? 289.00,39690%,1040%,? 21.70
13%,0%,1392%,0%,44%,6.68,31,5.9604,4,? 289.00,39690%,627%,? 28.60
5%,0%,1392%,0%,44%,6.55,51,5.9604,4,? 289.00,39285%,739%,? 27.10
14%,0%,NA,0%,44%,5.79,58,6.32,4,? 289.00,39690%,1584%,? 20.30
6%,7000%,224%,0%,40%,6.35,20,7.8278,5,? 358.00,36824%,497%,? 22.50
6%,7000%,224%,0%,40%,7.04,10,7.8278,5,? 358.00,37158%,474%,? 29.00
4%,7000%,224%,0%,40%,6.87,47,7.8278,5,? 358.00,39086%,607%,? 24.80
4%,NA,609%,0%,43%,6.59,40,5.4917,7,? 329.00,39575%,950%,? 22.00
NA,3400%,609%,0%,43%,6.50,18,5.4917,7,? 329.00,38361%,867%,? 26.40
10%,NA,609%,0%,43%,6.98,18,5.4917,7,? 329.00,39043%,486%,? 33.10
6%,3300%,218%,0%,47%,7.24,41,4.022,7,? 222.00,39368%,693%,? 36.10
5%,3300%,NA,0%,47%,6.62,58,3.37,7,? 222.00,39336%,893%,? 28.40
8%,3300%,218%,0%,47%,7.42,72,3.0992,7,? 222.00,39690%,647%,? 33.40
5%,3300%,218%,0%,47%,6.85,70,3.1827,7,? 222.00,39690%,753%,? 28.20
49%,0%,990%,0%,54%,6.64,83,3.3175,4,? 304.00,39690%,454%,? 22.80
35%,0%,990%,0%,54%,5.97,77,3.1025,4,? 304.00,39624%,997%,? 20.30
264%,0%,990%,0%,54%,4.97,38,2.5194,4,? 304.00,35045%,1264%,? 16.10
79%,0%,990%,0%,54%,6.12,53,2.6403,4,? 304.00,39690%,598%,? 22.10
26%,0%,990%,0%,54%,6.02,90,2.834,4,? 304.00,39630%,1172%,? 19.40
27%,0%,990%,0%,54%,6.27,83,3.2628,4,? 304.00,39339%,790%,? 21.60
37%,0%,990%,0%,54%,6.57,87,3.6023,4,? 304.00,39569%,928%,? 23.80
25%,0%,990%,0%,54%,5.71,78,3.945,4,? 304.00,39642%,1150%,? 16.20
32%,0%,990%,0%,54%,5.91,NA,3.9986,4,? 304.00,39070%,1833%,? 17.80
25%,0%,990%,0%,54%,5.78,72,4.0317,4,? 304.00,39690%,1594%,? 19.80
40%,0%,990%,0%,54%,6.38,67,3.5325,4,? 304.00,39521%,1036%,? 23.10
48%,0%,990%,0%,54%,6.11,59,4.0019,4,? 304.00,39623%,1273%,? 21.00
17%,0%,738%,0%,49%,6.43,52,4.5404,5,? 287.00,39690%,720%,? 23.80
18%,0%,738%,0%,49%,6.38,54,4.5404,5,? 287.00,39690%,687%,? 23.10
35%,0%,738%,0%,49%,6.04,50,4.7211,5,? 287.00,39690%,770%,? 20.40
28%,0%,738%,0%,49%,5.71,74,4.7211,5,? 287.00,39113%,1174%,? 18.50
34%,0%,738%,0%,49%,6.42,40,4.7211,5,? 287.00,39690%,612%,? 25.00
19%,0%,738%,0%,49%,6.43,15,5.4159,5,? 287.00,39368%,508%,? 24.60
30%,0%,738%,0%,49%,6.31,29,5.4159,5,? 287.00,39690%,615%,? 23.00
24%,0%,738%,0%,49%,6.08,44,5.4159,5,? 287.00,39690%,1279%,? 22.20
7%,0%,324%,0%,46%,5.87,26,5.2146,4,? 430.00,38244%,997%,? 19.30
7%,0%,324%,0%,46%,6.33,17,5.2146,4,? 430.00,37521%,734%,? 22.60
5%,NA,324%,0%,46%,6.14,32,5.8736,4,? 430.00,36857%,909%,? 19.80
5%,3500%,606%,0%,44%,5.71,28,6.6407,1,? 304.00,39402%,1243%,? 17.10
3%,NA,606%,0%,44%,6.03,23,6.6407,1,? 304.00,36225%,783%,? 19.40
5%,0%,519%,0%,52%,6.32,38,6.4584,5,? 224.00,38971%,568%,? 22.20
4%,0%,519%,0%,52%,6.31,39,6.4584,5,? 224.00,38940%,675%,? 20.70
4%,0%,519%,0%,52%,6.04,35,5.9853,5,? 224.00,39690%,801%,? 21.10
3%,0%,519%,0%,52%,5.87,46,5.2311,5,? 224.00,39690%,980%,? 19.50
3%,0%,519%,0%,52%,5.90,60,5.615,5,? 224.00,39481%,1056%,? 18.50
3%,0%,519%,0%,52%,6.06,37,4.8122,5,? 224.00,39614%,851%,? 20.60
5%,0%,519%,0%,52%,5.99,45,4.8122,5,? 224.00,39690%,974%,? 19.00
6%,0%,519%,0%,52%,5.97,59,4.8122,5,? 224.00,39690%,929%,? 18.70
1%,3500%,152%,0%,44%,7.24,49,7.0379,1,? 284.00,39474%,549%,? 32.70
2%,0%,189%,0%,52%,6.54,60,6.2669,1,? 422.00,38996%,865%,? 16.50
3%,5500%,378%,0%,48%,6.70,56,5.7321,5,? 370.00,39690%,718%,? 23.90
3%,5500%,NA,0%,48%,6.87,28,6.4654,5,? 370.00,38797%,461%,? 31.20
3%,0%,439%,0%,44%,6.01,49,8.0136,3,? 352.00,38564%,1053%,? 17.50
6%,0%,439%,0%,44%,5.90,52,8.0136,3,? 352.00,36461%,1267%,? 17.20
2%,8500%,415%,0%,43%,6.52,28,8.5353,4,? 351.00,39243%,636%,? 23.10
2%,8000%,201%,0%,44%,6.64,30,8.344,4,? 280.00,39094%,599%,? 24.50
3%,4000%,125%,0%,43%,6.94,35,8.7921,1,? 335.00,38985%,NA,? 26.60
6%,NA,125%,0%,43%,6.49,44,8.7921,1,? 335.00,39690%,NA,? 22.90
8%,6000%,169%,0%,41%,6.58,36,10.7103,4,? 411.00,37078%,549%,? 24.10
7%,6000%,169%,0%,41%,5.88,19,10.7103,4,? 411.00,39233%,779%,? 18.60
2%,9000%,202%,0%,41%,6.73,36,12.1265,5,? 187.00,38446%,450%,? 30.10
4%,8000%,191%,0%,41%,5.66,22,10.5857,4,? 334.00,38280%,805%,? 18.20
11%,NA,191%,0%,41%,5.94,NA,10.5857,4,? 334.00,37604%,557%,? 20.60
898%,0%,1810%,100%,77%,6.21,97,2.1222,24,? 666.00,37773%,1760%,? 17.80
385%,0%,1810%,100%,77%,6.40,91,2.5052,24,? 666.00,39134%,1327%,? 21.70
520%,0%,1810%,100%,77%,6.13,83,2.7227,24,? 666.00,39543%,1148%,? 22.70
426%,0%,NA,0%,77%,6.11,81,2.5091,24,? 666.00,39074%,1267%,? 22.60
454%,0%,1810%,0%,77%,6.40,88,2.5182,24,? 666.00,37456%,779%,? 25.00
384%,0%,1810%,0%,77%,6.25,91,2.2955,24,? 666.00,35065%,1419%,? 19.90
368%,0%,1810%,0%,77%,5.36,96,2.1036,24,? 666.00,38079%,1019%,? 20.80
422%,0%,1810%,100%,77%,5.80,89,1.9047,24,? 666.00,35304%,1464%,? 16.80
347%,0%,1810%,100%,72%,8.78,83,1.9047,24,? 666.00,35455%,529%,? 21.90
456%,0%,1810%,0%,72%,3.56,88,1.6132,24,? 666.00,35470%,712%,? 27.50
370%,0%,1810%,0%,72%,4.96,91,1.7523,24,? 666.00,31603%,1400%,? 21.90
1352%,0%,1810%,NA,63%,3.86,100,1.5106,24,? 666.00,13142%,1333%,? 23.10
490%,0%,1810%,0%,63%,4.97,NA,1.3325,24,? 666.00,37552%,326%,? 50.00
NA,0%,1810%,100%,63%,6.68,97,1.3567,24,? 666.00,37533%,373%,? 50.00
654%,0%,1810%,100%,63%,7.02,98,1.2024,24,? 666.00,39205%,296%,? 50.00
923%,0%,1810%,0%,63%,6.22,100,1.1691,24,? 666.00,36615%,953%,? 50.00
827%,0%,1810%,100%,67%,5.88,90,1.1296,24,? 666.00,34788%,888%,? 50.00
1111%,0%,1810%,0%,67%,4.91,100,1.1742,24,? 666.00,39690%,3477%,? 13.80
1850%,0%,1810%,0%,67%,4.14,100,1.137,24,? 666.00,39690%,3797%,? 13.80
1961%,NA,1810%,0%,67%,7.31,98,1.3163,24,? 666.00,39690%,1344%,? 15.00
1529%,0%,1810%,NA,67%,6.65,93,1.3449,24,? 666.00,36302%,NA,? 13.90
982%,0%,1810%,0%,67%,6.79,99,1.358,24,? 666.00,39690%,2124%,? 13.30
2365%,0%,1810%,0%,67%,6.38,96,1.3861,24,? 666.00,39690%,2369%,? 13.10
1787%,0%,1810%,0%,67%,6.22,100,1.3861,24,? 666.00,39374%,2178%,? 10.20
8898%,0%,1810%,0%,67%,6.97,92,1.4165,24,? 666.00,39690%,1721%,? 10.40
1587%,0%,1810%,0%,67%,6.55,99,1.5192,24,? 666.00,39690%,2108%,? 10.90
919%,0%,1810%,0%,70%,5.54,100,1.5804,24,? 666.00,39690%,2360%,? 11.30
799%,0%,1810%,0%,70%,5.52,100,1.5331,24,? 666.00,39690%,NA,? 12.30
2008%,0%,1810%,0%,70%,4.37,91,1.4395,24,? 666.00,28583%,3063%,? 8.80
1681%,0%,1810%,0%,70%,5.28,98,1.4261,24,? 666.00,39690%,3081%,? 7.20
2439%,0%,1810%,0%,70%,4.65,100,1.4672,24,? 666.00,39690%,2828%,? 10.50
2260%,0%,1810%,0%,70%,5.00,90,1.5184,24,? 666.00,39690%,3199%,? 7.40
1433%,0%,1810%,NA,70%,4.88,100,1.5895,24,? 666.00,37292%,3062%,? 10.20
815%,0%,1810%,0%,70%,5.39,99,1.7281,24,? 666.00,39690%,2085%,? 11.50
696%,0%,1810%,0%,70%,5.71,97,1.9265,24,? 666.00,39443%,1711%,? 15.10
529%,0%,1810%,0%,70%,6.05,83,2.1678,24,? 666.00,37838%,1876%,? 23.20
1158%,0%,1810%,0%,70%,5.04,97,1.77,24,? 666.00,39690%,2568%,? 9.70
NA,0%,1810%,0%,69%,6.19,93,1.7912,24,? 666.00,39690%,1517%,? 13.80
NA,0%,1810%,0%,69%,5.89,95,1.7821,24,? 666.00,39690%,1635%,? 12.70
872%,0%,1810%,0%,69%,6.47,99,1.7257,24,? 666.00,39198%,1712%,? 13.10
587%,0%,1810%,0%,69%,6.41,96,1.6768,24,? 666.00,39690%,1937%,? 12.50
767%,0%,1810%,0%,69%,5.75,99,1.6334,24,? 666.00,39310%,1992%,? 8.50
3835%,0%,1810%,0%,69%,5.45,100,1.4896,24,? 666.00,39690%,3059%,? 5.00
992%,0%,1810%,0%,69%,5.85,78,1.5004,24,? 666.00,33816%,2997%,? 6.30
2505%,0%,1810%,0%,69%,5.99,100,1.5888,24,? 666.00,39690%,2677%,? 5.60
1424%,0%,1810%,NA,69%,6.34,100,1.5741,24,? 666.00,39690%,2032%,? 7.20
960%,0%,1810%,0%,69%,6.40,100,1.639,24,? 666.00,37611%,2031%,? 12.10
2480%,0%,1810%,0%,69%,5.35,96,1.7028,24,? 666.00,39690%,1977%,? 8.30
4153%,0%,1810%,0%,69%,5.53,85,1.6074,24,? 666.00,32946%,2738%,? 8.50
6792%,0%,1810%,0%,69%,5.68,100,1.4254,24,? 666.00,38497%,2298%,? 5.00
2072%,0%,NA,0%,66%,4.14,100,1.1781,24,? 666.00,37022%,2334%,? 11.90
1195%,0%,1810%,0%,66%,5.61,100,1.2852,24,? 666.00,33209%,NA,? 27.90
740%,0%,1810%,0%,60%,5.62,98,1.4547,24,? 666.00,31464%,2640%,? 17.20
NA,0%,1810%,0%,60%,6.85,100,1.4655,24,? 666.00,17936%,1978%,? 27.50
5114%,0%,1810%,0%,60%,5.76,100,1.413,24,? 666.00,260%,1011%,? 15.00
1405%,0%,1810%,0%,60%,6.66,100,1.5275,24,? 666.00,3505%,2122%,? 17.20
1881%,0%,1810%,0%,60%,4.63,100,1.5539,24,? 666.00,2879%,3437%,? 17.90
2866%,0%,1810%,0%,60%,5.16,100,1.5894,24,? 666.00,21097%,2008%,? 16.30
4575%,0%,1810%,0%,69%,4.52,100,1.6582,24,? 666.00,8827%,3698%,? 7.00
1808%,0%,1810%,0%,68%,6.43,100,1.8347,24,? 666.00,2725%,2905%,? 7.20
1083%,0%,1810%,0%,68%,6.78,91,1.8195,24,? 666.00,2157%,2579%,? 7.50
2594%,0%,1810%,0%,68%,5.30,89,1.6475,24,? 666.00,12736%,2664%,? 10.40
7353%,0%,1810%,0%,68%,5.96,100,1.8026,24,? 666.00,1645%,2062%,? 8.80
1181%,0%,1810%,0%,72%,6.82,77,1.794,24,? 666.00,4845%,2274%,? 8.40
1109%,0%,1810%,0%,72%,6.41,100,1.8589,24,? 666.00,31875%,1502%,? 16.70
702%,0%,1810%,0%,72%,6.01,95,1.8746,24,? 666.00,31998%,1570%,? 14.20
1205%,0%,1810%,0%,61%,5.65,88,1.9512,24,? 666.00,29155%,1410%,? 20.80
705%,0%,1810%,0%,61%,6.10,NA,2.0218,24,? 666.00,252%,2329%,? 13.40
879%,0%,1810%,0%,58%,5.57,71,2.0635,24,? 666.00,365%,1716%,? 11.70
1586%,0%,1810%,0%,68%,5.90,95,1.9096,24,? 666.00,768%,2439%,? 8.30
NA,0%,1810%,0%,58%,5.84,60,1.9976,24,? 666.00,2465%,1569%,? 10.20
3766%,NA,1810%,0%,68%,6.20,79,1.8629,24,? 666.00,1882%,1452%,? 10.90
737%,0%,1810%,0%,68%,6.19,78,1.9356,24,? 666.00,9673%,2152%,? 11.00
934%,0%,1810%,0%,68%,6.38,NA,1.9682,24,? 666.00,6072%,2408%,? 9.50
NA,0%,1810%,0%,58%,6.35,86,2.0527,24,? 666.00,8345%,1764%,? 14.50
1006%,0%,1810%,0%,58%,6.83,94,2.0882,24,? 666.00,8133%,1969%,? 14.10
644%,0%,1810%,0%,58%,6.43,75,2.2004,24,? 666.00,9795%,1203%,? 16.10
558%,0%,1810%,0%,71%,6.44,88,2.3158,24,? 666.00,10019%,1622%,? 14.30
1391%,0%,1810%,0%,71%,6.21,95,2.2222,24,? 666.00,10063%,1517%,? 11.70
1116%,0%,1810%,0%,74%,6.63,95,2.1247,24,? 666.00,10985%,2327%,? 13.40
1442%,0%,1810%,0%,74%,6.46,93,2.0026,24,? 666.00,2749%,1805%,? 9.60
1518%,0%,1810%,0%,74%,6.15,100,1.9142,24,? 666.00,932%,2645%,? 8.70
1368%,0%,1810%,0%,74%,5.94,88,1.8206,24,? 666.00,6895%,3402%,? 8.40
939%,0%,1810%,0%,74%,5.63,94,1.8172,24,? 666.00,39690%,2288%,? 12.80
2205%,0%,1810%,0%,74%,5.82,92,1.8662,24,? 666.00,39145%,NA,? 10.50
972%,0%,1810%,0%,74%,6.41,97,2.0651,24,? 666.00,38596%,NA,? 17.10
567%,0%,1810%,NA,74%,6.22,100,2.0048,24,? 666.00,39569%,1659%,? 18.40
997%,0%,1810%,0%,74%,6.49,100,1.9784,24,? 666.00,38673%,1885%,? 15.40
1280%,0%,1810%,0%,74%,5.85,97,1.8956,24,? 666.00,24052%,2379%,? 10.80
1067%,0%,1810%,0%,74%,6.46,95,1.9879,24,? 666.00,4306%,2398%,? 11.80
629%,0%,1810%,0%,74%,6.34,96,2.072,24,? 666.00,31801%,1779%,? 14.90
992%,0%,1810%,0%,74%,6.25,97,2.198,24,? 666.00,38852%,1644%,? 12.60
933%,0%,1810%,0%,71%,6.19,99,2.2616,24,? 666.00,39690%,1813%,? 14.10
753%,0%,1810%,0%,71%,6.42,98,2.185,24,? 666.00,30421%,1931%,? 13.00
672%,0%,1810%,NA,71%,6.75,93,2.3236,24,? 666.00,32%,1744%,? 13.40
544%,0%,1810%,0%,71%,6.66,NA,2.3552,24,? 666.00,35529%,1773%,? 15.20
509%,0%,1810%,0%,71%,6.30,92,2.3682,24,? 666.00,38509%,1727%,? 16.10
825%,0%,NA,0%,71%,7.39,99,2.4527,24,? 666.00,37587%,1674%,? 17.80
951%,0%,1810%,0%,71%,6.73,94,2.4961,24,? 666.00,668%,1871%,? 14.90
475%,0%,1810%,0%,71%,6.53,87,2.4358,24,? 666.00,5092%,1813%,? 14.10
467%,0%,1810%,0%,71%,5.98,88,2.5806,24,? 666.00,1048%,1901%,? 12.70
820%,0%,1810%,0%,71%,5.94,80,2.7792,24,? 666.00,350%,1694%,? 13.50
775%,NA,NA,0%,71%,6.30,84,2.7831,24,? 666.00,27221%,1623%,? 14.90
680%,0%,1810%,0%,71%,6.08,84,2.7175,24,? 666.00,39690%,1470%,? 20.00
NA,0%,1810%,0%,71%,6.70,90,2.5975,24,? 666.00,25523%,1642%,? 16.40
369%,0%,1810%,0%,71%,6.38,88,2.5671,24,? 666.00,39143%,1465%,? 17.70
665%,0%,1810%,0%,71%,6.32,83,2.7344,24,? 666.00,39690%,1399%,? 19.50
582%,0%,1810%,0%,71%,6.51,90,2.8016,24,? 666.00,39382%,1029%,? 20.20
784%,0%,1810%,0%,66%,6.21,65,2.9634,24,? 666.00,39690%,1322%,? 21.40
NA,0%,1810%,NA,66%,5.76,48,3.0665,24,? 666.00,33440%,1413%,? 19.90
377%,0%,NA,0%,66%,5.95,85,2.8715,24,? 666.00,2201%,1715%,? 19.00
442%,0%,1810%,0%,58%,6.00,95,2.5403,24,? 666.00,33129%,2132%,? 19.10
1558%,0%,1810%,0%,58%,5.93,71,2.9084,24,? 666.00,36874%,1813%,? 19.10
1308%,0%,1810%,0%,58%,5.71,57,2.8237,24,? 666.00,39690%,1476%,? 20.10
435%,0%,1810%,0%,58%,6.17,84,3.0334,24,? 666.00,39690%,1629%,? 19.90
404%,0%,1810%,0%,53%,6.23,91,3.0993,24,? 666.00,39533%,1287%,? 19.60
357%,0%,1810%,0%,58%,6.44,75,2.8965,24,? 666.00,39337%,1436%,? 23.20
465%,0%,1810%,0%,61%,6.98,68,2.5329,24,? 666.00,37468%,NA,? 29.80
806%,0%,1810%,0%,58%,5.43,95,2.4298,24,? 666.00,35258%,1814%,? 13.80
639%,0%,1810%,0%,58%,6.16,97,2.206,24,? 666.00,30276%,2410%,? 13.30
487%,0%,1810%,0%,61%,6.48,94,2.3053,24,? 666.00,39621%,1868%,? 16.70
1502%,0%,1810%,0%,61%,5.30,97,2.1007,24,? 666.00,34948%,2491%,? 12.00
1023%,0%,1810%,0%,61%,6.19,97,2.1705,24,? 666.00,37970%,1803%,? 14.60
1433%,0%,1810%,NA,61%,6.23,88,1.9512,24,? 666.00,38332%,1311%,? 21.40
582%,0%,1810%,0%,53%,6.24,65,3.4242,24,? 666.00,39690%,1074%,? 23.00
571%,0%,1810%,0%,53%,6.75,75,3.3317,24,? 666.00,39307%,774%,? 23.70
573%,0%,1810%,NA,53%,7.06,77,3.4106,24,? 666.00,39528%,701%,? 25.00
282%,0%,1810%,0%,53%,5.76,40,4.0983,24,? 666.00,39292%,1042%,? 21.80
238%,0%,1810%,0%,58%,5.87,42,3.724,24,? 666.00,37073%,1334%,? 20.60
367%,0%,1810%,0%,58%,6.31,52,3.9917,24,? 666.00,38862%,1058%,? 21.20
569%,0%,1810%,0%,58%,6.11,80,3.5459,24,? 666.00,39268%,1498%,? 19.10
484%,0%,1810%,0%,58%,5.91,53,3.1523,24,? 666.00,38822%,1145%,? 20.60
15%,0%,2774%,0%,61%,5.45,93,1.8209,4,? 711.00,39509%,1806%,? 15.20
18%,0%,2774%,0%,61%,5.41,98,1.7554,4,? 711.00,34405%,2397%,? 7.00
21%,0%,2774%,0%,61%,5.09,98,1.8226,4,? 711.00,31843%,2968%,? 8.10
11%,0%,2774%,0%,61%,5.98,99,1.8681,4,? 711.00,39011%,1807%,? 13.60
11%,0%,2774%,0%,61%,5.98,84,2.1099,4,? 711.00,39690%,1335%,? 20.10
17%,0%,969%,0%,59%,5.71,54,2.3817,6,? 391.00,39690%,1201%,? 21.80
28%,0%,969%,0%,59%,5.93,43,2.3817,6,? 391.00,39690%,1359%,? 24.50
18%,0%,969%,0%,59%,5.67,29,2.7986,6,? 391.00,39329%,1760%,? 23.10
29%,0%,969%,0%,59%,5.39,73,2.7986,6,? 391.00,39690%,2114%,? 19.70
27%,0%,969%,0%,59%,5.79,71,2.8927,6,? 391.00,39690%,1410%,? 18.30
24%,0%,969%,0%,59%,6.02,65,2.4091,6,? 391.00,39690%,1292%,? 21.20
18%,0%,969%,0%,59%,5.57,74,2.3999,6,? 391.00,39577%,1510%,? 17.50
22%,0%,969%,0%,59%,6.03,80,2.4982,6,? 391.00,39690%,1433%,? 16.80
6%,0%,1193%,0%,57%,6.59,69,2.4786,1,? 273.00,39199%,NA,? 22.40
5%,0%,1193%,0%,57%,6.12,77,2.2875,1,? 273.00,39690%,908%,? 20.60
6%,0%,1193%,0%,57%,6.98,91,2.1675,1,? 273.00,39690%,564%,? 23.90
11%,0%,1193%,0%,57%,6.79,89,2.3889,1,? 273.00,39345%,648%,? 22.00
5%,0%,1193%,0%,57%,6.03,NA,2.505,1,? 273.00,39690%,788%,? 11.90
,,,,,,,,,,,,
,,,,,,,,,,,,
,,,,,,,,,,,,
,,,,,,,,,,,,
,,,,,,,,,,,,
,,,,,,,,,,,,
,,,,,,,,,,,,
,,,,,,,,,,,,
,,,,,,,,,,,,
,,,,,,,,,,,,
,,,,,,,,,,,,
,,,,,,,,,,,,
,,,,,,,,,,,,
,,,,,,,,,,,,
,,,,,,,,,,,,
,,,,,,,,,,,,
,,,,,,,,,,,,
